Time,T1,T2,T3,T4,T5,T6,T7,T8,T9,T10
1,10,30,10,25,0,0,15,0,10,0
2,20,40,20,20,0,0,0,0,0,0
3,15,15,5,5,20,15,20,5,0,0
4,10,10,10,5,5,20,10,30,0,0
5,30,5,10,5,20,10,0,0,15,5
6,10,30,10,25,0,0,15,0,10,0
7,20,40,20,20,0,0,0,0,0,0
8,15,15,5,5,20,15,20,5,0,0
9,10,10,10,5,5,20,10,30,0,0
10,30,5,10,5,20,10,0,0,15,5
11,10,30,10,25,0,0,15,0,10,0
12,20,40,20,20,0,0,0,0,0,0
13,20,15,5,5,0,15,20,0,5,15
14,10,10,10,5,5,20,10,30,0,0
15,30,5,10,5,20,10,0,0,15,5
16,5,5,5,5,5,5,5,50,10,5
