year,T1,T2,T3,T4,T5,T6,T7
1,10,30,10,25,0,0,15
2,20,40,20,20,0,0,0
3,15,15,5,5,20,15,20
4,10,10,10,5,5,20,10
5,30,5,10,5,20,10,0
6,10,30,10,25,0,0,15
7,20,40,20,20,0,0,0
8,15,15,5,5,20,15,20
9,10,10,10,5,5,20,10
10,30,5,10,5,20,10,0
11,10,30,10,25,0,0,15
12,20,40,20,20,0,0,0
13,20,15,5,5,0,15,20
14,10,10,10,5,5,20,10
15,30,5,10,5,20,10,0
16,5,5,5,5,5,5,5
